{
  "project_info": {
    "project_number": "310875122098",
    "project_id": "acervotech-f2bd5",
    "storage_bucket": "acervotech-f2bd5.appspot.com"
  },
  "client": [
    {
      "client_info": {
        "mobilesdk_app_id": "1:310875122098:android:bd991aacbb564acbca1cab",
        "android_client_info": {
          "package_name": "com.wezz.monitoriaucb"
        }
      },
      "oauth_client": [],
      "api_key": [
        {
          "current_key": "AIzaSyD_15RttjTJaWdIv43-GPkhfWz3hrvhA3c"
        }
      ],
      "services": {
        "appinvite_service": {
          "other_platform_oauth_client": []
        }
      }
    }
  ],
  "configuration_version": "1"
}